{
  "qwen-7b-base": {
    "replication": {
      "silhouette": {
        "value": 0.005522668461198918,
        "threshold": 0.03,
        "passed": false,
        "ci": [
          -0.048368833120912315,
          0.05529864719137547
        ]
      },
      "valence_auc": {
        "value": 0.8004901960784313,
        "threshold": 0.75,
        "passed": true
      },
      "implicit_accuracy": {
        "value": 0.0,
        "n_correct": 0,
        "n_total": 12,
        "threshold": 0.6666666666666666,
        "passed": false
      },
      "intensity_monotonic": {
        "n_monotonic": 9,
        "n_total": 13,
        "threshold": 4,
        "passed": true
      },
      "all_passed": false
    },
    "controls": {
      "random_vectors": {
        "mean": -0.00901028210387613,
        "std": 0.0016424321434530243,
        "ci_low": -0.01169888026525562,
        "ci_high": -0.005864850963519744
      },
      "shuffled_labels": {
        "mean": -0.15226075412333012,
        "std": 0.013917104434572879,
        "p_value": 0.0,
        "real_value": 0.02636656165122986
      }
    }
  },
  "qwen-7b-inst": {
    "replication": {
      "silhouette": {
        "value": 0.05383947909111157,
        "threshold": 0.03,
        "passed": true,
        "ci": [
          0.010009294212795795,
          0.1097210600972174
        ]
      },
      "valence_auc": {
        "value": 0.9633986928104575,
        "threshold": 0.75,
        "passed": true
      },
      "implicit_accuracy": {
        "value": 0.08333333333333333,
        "n_correct": 1,
        "n_total": 12,
        "threshold": 0.6666666666666666,
        "passed": false
      },
      "intensity_monotonic": {
        "n_monotonic": 11,
        "n_total": 13,
        "threshold": 4,
        "passed": true
      },
      "all_passed": false
    },
    "controls": {
      "random_vectors": {
        "mean": -0.009010282103876128,
        "std": 0.001642432143453024,
        "ci_low": -0.011698880265255607,
        "ci_high": -0.005864850963519741
      },
      "shuffled_labels": {
        "mean": -0.13997080159932376,
        "std": 0.011342248233138357,
        "p_value": 0.0,
        "real_value": 0.048680588603019714
      }
    }
  },
  "llama-8b-base": {
    "replication": {
      "silhouette": {
        "value": 0.06717770506162196,
        "threshold": 0.03,
        "passed": true,
        "ci": [
          0.026488333893939852,
          0.12666086461395018
        ]
      },
      "valence_auc": {
        "value": 0.9517973856209151,
        "threshold": 0.75,
        "passed": true
      },
      "implicit_accuracy": {
        "value": 0.08333333333333333,
        "n_correct": 1,
        "n_total": 12,
        "threshold": 0.6666666666666666,
        "passed": false
      },
      "intensity_monotonic": {
        "n_monotonic": 9,
        "n_total": 13,
        "threshold": 4,
        "passed": true
      },
      "all_passed": false
    },
    "controls": {
      "random_vectors": {
        "mean": -0.008689245461994878,
        "std": 0.0015484176806162045,
        "ci_low": -0.011468641518900698,
        "ci_high": -0.00558747885547748
      },
      "shuffled_labels": {
        "mean": -0.14005983294546603,
        "std": 0.011144226686775543,
        "p_value": 0.0,
        "real_value": 0.050044793635606766
      }
    }
  },
  "llama-8b-inst": {
    "replication": {
      "silhouette": {
        "value": 0.0778489566128701,
        "threshold": 0.03,
        "passed": true,
        "ci": [
          0.035541217867285015,
          0.13057338781654831
        ]
      },
      "valence_auc": {
        "value": 0.9754901960784313,
        "threshold": 0.75,
        "passed": true
      },
      "implicit_accuracy": {
        "value": 0.16666666666666666,
        "n_correct": 2,
        "n_total": 12,
        "threshold": 0.6666666666666666,
        "passed": false
      },
      "intensity_monotonic": {
        "n_monotonic": 8,
        "n_total": 13,
        "threshold": 4,
        "passed": true
      },
      "all_passed": false
    },
    "controls": {
      "random_vectors": {
        "mean": -0.008689245461994878,
        "std": 0.0015484176806162037,
        "ci_low": -0.01146864151890069,
        "ci_high": -0.0055874788554774795
      },
      "shuffled_labels": {
        "mean": -0.13352073211222887,
        "std": 0.010834107374673028,
        "p_value": 0.0,
        "real_value": 0.06738375872373581
      }
    }
  }
}